idPaiement;datePaiement;montantPaye;numeroFacture;montantTotal;etat;idClient
1;2026-02-13;2000.0;FACT-2026-002;2000.0;PAYEE;2
2;2026-01-26;1200.0;FACT-2026-004;1200.0;PAYEE;4
3;2026-03-02;1800.0;FACT-2026-006;1800.0;PAYEE;6
4;2026-02-16;2200.0;FACT-2026-010;2200.0;PAYEE;10
5;2026-03-22;400.0;FACT-2026-007;900.0;PARTIELLEMENT_PAYEE;7
6;2026-04-10;300.0;FACT-2026-007;900.0;PARTIELLEMENT_PAYEE;7
7;2026-05-12;1500.0;FACT-2026-009;3000.0;PARTIELLEMENT_PAYEE;9
8;2026-06-01;800.0;FACT-2026-009;3000.0;PARTIELLEMENT_PAYEE;9
9;2026-05-07;1000.0;FACT-2026-011;1000.0;EN_ATTENTE;11
